{
    "当事人": [
        "景鹏鹏",
        "陈礼明"
    ],
    "性别": [
        "男",
        "男"
    ],
    "民族": [
        "汉族",
        "汉族"
    ],
    "出生地": [
        "陕西省清涧县",
        "无"
    ],
    "案由": [
        "故意杀人",
        "故意杀人盗窃"
    ],
    "相关法院": [
        "陕西省榆林市中级人民法院",
        "中华人民共和国最高人民法院",
        "陕西省高级人民法院",
        "云南省丽江市中级人民法院",
        "中华人民共和国最高人民法院",
        "云南省高级人民法院"
    ]
}