{
    "当事人": [
        "廖美书",
        "卢林海",
        "马惠杰"
    ],
    "性别": [
        "男",
        "男",
        "男"
    ],
    "民族": [
        "汉族",
        "汉族",
        "回族"
    ],
    "出生地": [
        "云南省富源县",
        "贵州省普定县",
        "青海省西宁市城东区"
    ],
    "案由": [
        "故意杀人",
        "运输毒品",
        "故意伤害"
    ],
    "相关法院": [
        "云南省曲靖市中级人民法院",
        "云南省高级人民法院",
        "贵州省安顺市中级人民法院",
        "贵州省高级人民法院",
        "青海省西宁市中级人民法院",
        "青海省西宁市城东区人民法院",
        "青海省高级人民法院"
    ]
}