{
    "当事人": [
        "朱日上",
        "王磊"
    ],
    "性别": [
        "无"
    ],
    "民族": [
        "汉族"
    ],
    "出生地": [
        "海南省澄迈县",
        "河北省青县"
    ],
    "案由": [
        "运输毒品",
        "贩卖毒品"
    ],
    "相关法院": [
        "河北省沧州市中级人民法院",
        "沧州市中级人民法院",
        "中华人民共和国最高人民法院",
        "河北省高级人民法院"
    ]
}