{
    "当事人": [
        "廖美书",
        "卢林海",
        "马惠杰",
        "莫沛标"
    ],
    "性别": [
        "男",
        "男",
        "男",
        "男"
    ],
    "民族": [
        "汉族",
        "汉族",
        "回族",
        "汉族"
    ],
    "出生地": [
        "云南省富源县",
        "贵州省普定县",
        "青海省西宁市城东区",
        "广东省东莞市"
    ],
    "案由": [
        "故意杀人",
        "运输毒品",
        "故意伤害",
        "危险驾驶"
    ],
    "相关法院": [
        "云南省曲靖市中级人民法院",
        "云南省高级人民法院",
        "贵州省安顺市中级人民法院",
        "贵州省高级人民法院",
        "青海省西宁市中级人民法院",
        "青海省高级人民法院",
        "人民法院",
        "最高人民法院",
        "广东省广州市中级人民法院",
        "广州市增城区人民法院"
    ]
}