{
    "当事人": [
        "吴培收",
        "杨普黑"
    ],
    "性别": [
        "男",
        "男"
    ],
    "民族": [
        "汉族",
        "哈尼族"
    ],
    "出生地": [
        "衡水市桃城区",
        "云南省红河哈尼族彝族自治州金平县"
    ],
    "案由": [
        "故意伤害"
    ],
    "相关法院": [
        "云南省建水县人民法院",
        "云南省昆明市中级人民法院",
        "昆明市中级人民法院",
        "云南省高级人民法院"
    ]
}