{
    "当事人": [
        "彭家喜",
        "邱继斌"
    ],
    "性别": [
        "男",
        "男"
    ],
    "民族": [
        "汉族",
        "汉族"
    ],
    "出生地": [
        "广东省台山市",
        "云南省永胜县"
    ],
    "案由": [
        "吸毒",
        "故意伤害"
    ],
    "相关法院": [
        "广东省江门市中级人民法院",
        "广东省台山市人民法院",
        " 广东省台山市人民法院",
        "云南省丽江市中级人民法院",
        "丽江县人民法院",
        "丽江市古城区人民法院",
        "云南省高级人民法院"
    ]
}