{
    "当事人": [
        "陈小波",
        "刘学文"
    ],
    "性别": [
        "男",
        "男"
    ],
    "民族": [
        "汉族",
        "汉族"
    ],
    "出生地": [
        "湖南省衡阳县",
        "湖南省长沙市"
    ],
    "案由": [
        "抢劫",
        "故意杀人"
    ],
    "相关法院": [
        "湖南省衡阳市中级人民法院",
        "中华人民共和国最高人民法院",
        "湖南省高级人民法院",
        "湖南省长沙市中级人民法院",
        "中华人民共和国最高人民法院",
        "湖南省高级人民法院"
    ]
}